User ID,Task ID,Tasks,Business Value,Urgency,Stakeholder Priority,Complexity,Effort Estimation
US01,US01T1,Add the dashboard view,5,5,4,3,4
US01,US01T2,Create the analytics module,4,3,4,4,3
US01,US01T3,Design the error handler,4,4,5,3,3
US01,US01T4,Refactor the analytics module,5,5,5,4,4
US01,US01T5,Remove the user interface,5,5,5,3,1
US01,US01T6,Design the analytics module,4,4,4,4,4
US01,US01T7,Implement the notification system,5,4,4,3,4
US01,US01T8,Remove the user interface,5,5,5,2,4
US01,US01T9,Create the payment gateway,5,3,4,4,3
US01,US01T10,Add the API endpoint,4,5,5,4,3
US01,US01T11,Improve the analytics module,5,4,4,3,3
US01,US01T12,Implement the API endpoint,3,5,4,3,5
US02,US02T1,Add the error handler,5,4,5,3,4
US02,US02T2,Add the authentication module,5,5,5,4,4
US02,US02T3,Design the analytics module,4,4,4,3,4
US02,US02T4,Improve the error handler,5,4,4,4,2
US02,US02T5,Implement the authentication module,4,4,4,4,4
US02,US02T6,Remove the database schema,5,4,5,4,4
US02,US02T7,Refactor the authentication module,4,4,5,3,3
US02,US02T8,Fix the user interface,5,3,4,3,4
US02,US02T9,Update the notification system,5,3,5,3,2
US02,US02T10,Add the error handler,5,4,4,4,3
US02,US02T11,Fix the database schema,3,3,5,3,4
US02,US02T12,Add the API endpoint,4,5,5,3,3
US02,US02T13,Improve the dashboard view,5,5,5,4,2
US02,US02T14,Implement the login system,5,3,5,3,4
US02,US02T15,Fix the API endpoint,5,5,5,3,3
US03,US03T1,Create the authentication module,4,4,5,3,4
US03,US03T2,Design the notification system,4,5,4,4,3
US03,US03T3,Implement the error handler,5,5,4,3,3
US03,US03T4,Fix the API endpoint,5,4,5,3,3
US03,US03T5,Add the user interface,5,3,3,3,3
US03,US03T6,Design the analytics module,5,5,5,3,3
US03,US03T7,Optimize the error handler,4,4,4,3,5
US03,US03T8,Refactor the login system,5,5,4,4,3
US03,US03T9,Design the analytics module,4,5,4,4,2
US03,US03T10,Fix the user interface,3,5,5,3,3
US03,US03T11,Add the user interface,4,4,5,2,2
US03,US03T12,Implement the error handler,4,4,5,3,4
US03,US03T13,Optimize the payment gateway,5,4,5,3,5
US04,US04T1,Create the API endpoint,5,4,2,3,3
US04,US04T2,Update the database schema,5,5,5,3,3
US04,US04T3,Implement the analytics module,4,4,5,3,2
US04,US04T4,Update the login system,5,5,5,5,4
US04,US04T5,Update the API endpoint,5,5,5,3,2
US04,US04T6,Design the error handler,5,5,4,3,3
US04,US04T7,Implement the notification system,4,4,4,3,4
US04,US04T8,Improve the analytics module,4,4,4,2,3
US04,US04T9,Refactor the dashboard view,4,5,5,2,2
US04,US04T10,Implement the error handler,4,4,3,3,4
US04,US04T11,Refactor the notification system,5,3,4,4,5
US05,US05T1,Remove the authentication module,5,5,4,4,3
US05,US05T2,Refactor the payment gateway,5,4,5,3,3
US05,US05T3,Implement the notification system,3,4,5,3,3
US05,US05T4,Add the analytics module,5,2,5,4,4
US05,US05T5,Design the analytics module,5,4,5,4,4
US05,US05T6,Implement the payment gateway,5,5,5,3,3
US05,US05T7,Add the authentication module,5,4,4,4,4
US05,US05T8,Implement the dashboard view,5,4,3,4,4
US05,US05T9,Optimize the payment gateway,5,4,5,4,3
US05,US05T10,Add the user interface,4,5,4,4,3
US05,US05T11,Improve the API endpoint,5,5,3,4,4
US05,US05T12,Refactor the database schema,5,5,4,4,3
US05,US05T13,Design the authentication module,5,4,4,4,4
US06,US06T1,Fix the login system,4,5,4,4,3
US06,US06T2,Design the dashboard view,5,4,5,3,3
US06,US06T3,Remove the payment gateway,5,5,5,3,3
US06,US06T4,Improve the notification system,5,5,5,4,3
US06,US06T5,Fix the user interface,5,4,5,3,2
US06,US06T6,Improve the analytics module,4,4,5,3,3
US06,US06T7,Implement the database schema,4,5,5,4,3
US06,US06T8,Add the dashboard view,3,3,5,5,4
US06,US06T9,Add the notification system,5,4,4,4,4
US06,US06T10,Refactor the dashboard view,4,5,5,4,3
US06,US06T11,Add the authentication module,5,3,4,3,3
US07,US07T1,Optimize the user interface,5,4,5,3,3
US07,US07T2,Remove the database schema,4,4,5,3,4
US07,US07T3,Design the API endpoint,5,4,5,2,3
US07,US07T4,Design the API endpoint,5,4,5,3,4
US07,US07T5,Implement the login system,5,4,4,3,3
US07,US07T6,Design the database schema,4,5,4,4,3
US07,US07T7,Update the authentication module,5,4,5,4,4
US07,US07T8,Fix the user interface,5,5,5,3,5
US07,US07T9,Fix the API endpoint,5,5,4,3,5
US07,US07T10,Optimize the analytics module,5,4,5,4,3
US07,US07T11,Implement the analytics module,5,4,5,3,3
US07,US07T12,Add the error handler,4,4,5,2,3
US07,US07T13,Add the error handler,4,5,4,3,3
US08,US08T1,Add the dashboard view,3,4,4,3,2
US08,US08T2,Implement the analytics module,4,4,5,3,3
US08,US08T3,Improve the user interface,5,4,4,3,2
US08,US08T4,Add the database schema,4,3,4,2,4
US08,US08T5,Add the payment gateway,4,3,5,3,3
US08,US08T6,Design the payment gateway,5,5,4,4,4
US08,US08T7,Improve the API endpoint,4,5,3,2,2
US08,US08T8,Refactor the database schema,5,3,4,3,5
US08,US08T9,Optimize the dashboard view,5,4,5,3,3
US08,US08T10,Improve the error handler,4,4,5,3,4
US08,US08T11,Design the user interface,5,4,4,2,3
US08,US08T12,Add the payment gateway,5,5,4,3,4
US08,US08T13,Update the database schema,4,5,3,3,3
US08,US08T14,Fix the login system,4,5,4,3,3
US08,US08T15,Design the user interface,4,5,4,4,4
US09,US09T1,Refactor the analytics module,5,5,4,3,3
US09,US09T2,Add the API endpoint,4,4,4,3,4
US09,US09T3,Create the user interface,5,5,4,3,3
US09,US09T4,Implement the error handler,5,2,5,4,3
US09,US09T5,Remove the payment gateway,5,4,5,4,4
US09,US09T6,Refactor the dashboard view,4,3,5,4,3
US09,US09T7,Add the authentication module,4,5,5,3,4
US09,US09T8,Create the user interface,5,5,5,2,4
US09,US09T9,Improve the authentication module,4,3,5,2,2
US09,US09T10,Update the user interface,5,4,4,2,3
US09,US09T11,Optimize the dashboard view,5,4,4,2,3
US10,US10T1,Add the error handler,3,5,5,4,3
US10,US10T2,Fix the analytics module,4,3,4,4,4
US10,US10T3,Create the error handler,5,3,5,3,4
US10,US10T4,Remove the analytics module,5,4,4,2,4
US10,US10T5,Add the notification system,4,5,5,4,2
US10,US10T6,Optimize the user interface,5,5,5,4,2
US10,US10T7,Create the database schema,5,5,4,4,4
US10,US10T8,Improve the login system,5,5,5,3,4
US10,US10T9,Design the login system,4,4,4,2,4
US10,US10T10,Add the login system,5,5,4,2,3
US10,US10T11,Create the user interface,5,4,5,4,3
US11,US11T1,Remove the API endpoint,5,5,4,3,3
US11,US11T2,Design the API endpoint,5,4,5,3,3
US11,US11T3,Remove the user interface,3,4,4,3,3
US11,US11T4,Improve the user interface,5,5,5,3,3
US11,US11T5,Update the authentication module,4,4,4,4,4
US11,US11T6,Create the payment gateway,5,4,5,2,3
US11,US11T7,Fix the API endpoint,5,2,5,3,4
US11,US11T8,Implement the notification system,5,5,5,2,3
US11,US11T9,Improve the authentication module,4,5,5,4,3
US11,US11T10,Add the dashboard view,4,4,5,3,2
US11,US11T11,Remove the analytics module,5,4,3,3,3
US11,US11T12,Optimize the error handler,5,4,5,4,4
US11,US11T13,Remove the login system,4,4,5,3,4
US11,US11T14,Update the user interface,5,5,4,5,3
US12,US12T1,Refactor the database schema,4,4,4,3,4
US12,US12T2,Improve the analytics module,5,3,4,3,4
US12,US12T3,Fix the user interface,4,5,5,2,3
US12,US12T4,Add the authentication module,4,3,5,2,2
US12,US12T5,Remove the login system,4,3,5,3,4
US12,US12T6,Create the error handler,5,5,5,2,3
US12,US12T7,Implement the API endpoint,4,4,4,3,2
US12,US12T8,Fix the authentication module,4,4,5,3,3
US12,US12T9,Remove the login system,5,4,5,2,4
US12,US12T10,Remove the analytics module,5,5,5,3,2
US12,US12T11,Optimize the user interface,5,5,4,2,4
US12,US12T12,Create the dashboard view,5,5,4,3,3
US13,US13T1,Remove the payment gateway,5,4,5,3,3
US13,US13T2,Refactor the dashboard view,5,3,4,4,3
US13,US13T3,Fix the authentication module,5,5,4,3,3
US13,US13T4,Refactor the authentication module,4,3,5,3,4
US13,US13T5,Optimize the login system,5,4,5,3,3
US13,US13T6,Implement the analytics module,5,4,4,3,4
US13,US13T7,Fix the authentication module,5,4,4,4,4
US13,US13T8,Improve the error handler,5,3,5,2,3
US13,US13T9,Refactor the login system,5,5,5,3,3
US13,US13T10,Design the notification system,5,5,5,3,4
US14,US14T1,Refactor the login system,4,3,5,3,3
US14,US14T2,Fix the notification system,4,4,5,3,3
US14,US14T3,Update the user interface,5,4,5,3,3
US14,US14T4,Add the payment gateway,4,3,4,3,3
US14,US14T5,Remove the notification system,5,5,4,3,4
US14,US14T6,Optimize the database schema,5,3,5,3,3
US14,US14T7,Fix the authentication module,5,4,5,3,3
US14,US14T8,Improve the API endpoint,4,5,5,3,2
US14,US14T9,Implement the user interface,5,5,4,3,3
US14,US14T10,Improve the payment gateway,5,3,3,4,4
US14,US14T11,Add the payment gateway,5,4,5,2,4
US14,US14T12,Optimize the login system,3,3,4,4,3
US14,US14T13,Add the authentication module,5,5,4,3,3
US15,US15T1,Design the error handler,5,5,4,4,4
US15,US15T2,Add the dashboard view,5,5,5,2,3
US15,US15T3,Update the error handler,4,4,4,2,4
US15,US15T4,Remove the user interface,5,3,5,3,4
US15,US15T5,Fix the notification system,4,5,5,4,2
US15,US15T6,Create the error handler,5,4,5,4,4
US15,US15T7,Improve the database schema,5,3,4,3,4
US15,US15T8,Design the payment gateway,4,4,5,2,2
US15,US15T9,Refactor the error handler,5,4,4,3,3
US15,US15T10,Improve the dashboard view,4,3,4,2,3
US15,US15T11,Add the notification system,5,4,5,3,4
US15,US15T12,Implement the payment gateway,5,4,5,2,4
US15,US15T13,Fix the notification system,4,5,4,4,3
US15,US15T14,Design the database schema,5,3,5,3,3
US15,US15T15,Improve the login system,3,4,5,2,3
US16,US16T1,Add the payment gateway,4,4,5,2,3
US16,US16T2,Optimize the notification system,4,3,5,4,3
US16,US16T3,Implement the analytics module,5,4,5,3,3
US16,US16T4,Improve the database schema,4,5,4,2,2
US16,US16T5,Add the analytics module,5,3,5,4,4
US16,US16T6,Create the user interface,5,5,5,3,2
US16,US16T7,Design the notification system,5,4,5,3,2
US16,US16T8,Design the user interface,5,4,4,3,3
US16,US16T9,Remove the dashboard view,4,4,4,3,3
US16,US16T10,Improve the user interface,5,4,4,4,2
US16,US16T11,Design the error handler,5,4,5,5,3
US16,US16T12,Improve the login system,4,4,5,4,2
US16,US16T13,Add the authentication module,4,4,4,2,4
US17,US17T1,Implement the authentication module,5,4,5,4,4
US17,US17T2,Design the error handler,5,5,5,3,3
US17,US17T3,Remove the API endpoint,5,4,4,5,3
US17,US17T4,Add the notification system,5,4,5,4,4
US17,US17T5,Improve the user interface,5,5,5,3,2
US17,US17T6,Create the analytics module,5,4,5,2,2
US17,US17T7,Fix the API endpoint,5,4,5,3,2
US17,US17T8,Improve the API endpoint,4,5,4,3,4
US17,US17T9,Design the database schema,5,4,5,2,2
US17,US17T10,Optimize the login system,5,3,5,3,3
US17,US17T11,Optimize the payment gateway,5,4,5,2,5
US17,US17T12,Implement the database schema,5,5,4,3,5
US18,US18T1,Improve the error handler,5,5,4,4,4
US18,US18T2,Fix the payment gateway,3,3,5,2,4
US18,US18T3,Optimize the dashboard view,5,4,4,3,2
US18,US18T4,Improve the payment gateway,5,5,4,2,3
US18,US18T5,Optimize the authentication module,4,4,4,3,3
US18,US18T6,Optimize the authentication module,5,5,5,4,2
US18,US18T7,Update the database schema,5,3,5,3,3
US18,US18T8,Fix the user interface,3,4,5,3,4
US18,US18T9,Fix the dashboard view,4,3,5,5,3
US18,US18T10,Create the authentication module,4,4,5,3,5
US18,US18T11,Implement the API endpoint,5,4,5,4,2
US18,US18T12,Improve the login system,3,5,4,3,4
US19,US19T1,Design the error handler,5,4,5,4,4
US19,US19T2,Add the payment gateway,5,3,3,2,3
US19,US19T3,Add the dashboard view,4,5,5,4,4
US19,US19T4,Refactor the login system,4,4,5,4,3
US19,US19T5,Fix the dashboard view,5,5,5,4,4
US19,US19T6,Fix the authentication module,5,5,5,2,4
US19,US19T7,Optimize the dashboard view,5,5,5,3,4
US19,US19T8,Optimize the notification system,5,4,5,4,4
US19,US19T9,Implement the authentication module,5,5,4,3,3
US19,US19T10,Implement the dashboard view,4,5,5,3,3
US19,US19T11,Update the database schema,4,3,5,3,4
US19,US19T12,Optimize the authentication module,4,5,4,4,4
US19,US19T13,Optimize the error handler,4,4,4,4,2
US20,US20T1,Improve the login system,5,4,5,3,3
US20,US20T2,Design the dashboard view,4,4,5,2,4
US20,US20T3,Refactor the dashboard view,5,4,4,4,4
US20,US20T4,Improve the database schema,4,4,4,5,4
US20,US20T5,Remove the dashboard view,4,5,4,3,3
US20,US20T6,Update the error handler,4,5,3,3,3
US20,US20T7,Improve the database schema,4,5,5,4,4
US20,US20T8,Design the authentication module,5,4,4,3,3
US20,US20T9,Add the payment gateway,5,4,5,3,4
US20,US20T10,Refactor the database schema,5,5,5,3,3
US20,US20T11,Fix the error handler,4,4,5,3,3
US20,US20T12,Add the API endpoint,5,4,5,3,3
US21,US21T1,Remove the error handler,4,5,4,4,4
US21,US21T2,Add the dashboard view,5,4,5,2,3
US21,US21T3,Add the login system,5,4,4,3,4
US21,US21T4,Remove the error handler,5,3,4,4,3
US21,US21T5,Improve the database schema,4,5,5,4,4
US21,US21T6,Optimize the dashboard view,5,5,5,3,4
US21,US21T7,Fix the notification system,5,5,5,4,4
US21,US21T8,Add the error handler,4,4,5,4,4
US21,US21T9,Improve the dashboard view,5,4,4,3,2
US21,US21T10,Optimize the API endpoint,5,5,4,4,3
US21,US21T11,Update the user interface,4,3,3,3,2
US21,US21T12,Improve the analytics module,5,3,5,4,3
US21,US21T13,Optimize the dashboard view,4,3,4,3,2
US22,US22T1,Optimize the API endpoint,4,5,4,3,2
US22,US22T2,Improve the database schema,5,4,4,4,5
US22,US22T3,Update the user interface,4,5,4,4,3
US22,US22T4,Design the dashboard view,4,3,4,4,3
US22,US22T5,Improve the login system,5,4,5,2,3
US22,US22T6,Remove the notification system,5,5,5,3,3
US22,US22T7,Add the notification system,5,3,4,4,2
US22,US22T8,Optimize the error handler,5,4,3,4,5
US22,US22T9,Add the API endpoint,3,4,5,3,3
US22,US22T10,Refactor the error handler,5,4,4,4,4
US22,US22T11,Implement the user interface,5,4,5,3,4
US23,US23T1,Design the database schema,3,4,5,2,2
US23,US23T2,Refactor the payment gateway,5,4,4,2,2
US23,US23T3,Add the error handler,4,3,5,3,2
US23,US23T4,Implement the notification system,4,4,4,3,5
US23,US23T5,Remove the login system,5,3,5,3,4
US23,US23T6,Update the error handler,4,5,5,4,4
US23,US23T7,Implement the analytics module,5,2,5,4,3
US23,US23T8,Refactor the user interface,4,4,5,5,4
US23,US23T9,Fix the notification system,5,5,4,4,3
US23,US23T10,Add the user interface,4,5,4,3,3
US23,US23T11,Update the analytics module,3,4,2,2,3
US23,US23T12,Add the dashboard view,5,5,5,4,3
US23,US23T13,Improve the dashboard view,5,3,5,4,3
US23,US23T14,Refactor the API endpoint,5,3,3,2,3
US24,US24T1,Optimize the user interface,5,3,5,4,3
US24,US24T2,Update the payment gateway,5,4,4,3,2
US24,US24T3,Remove the dashboard view,5,5,5,3,4
US24,US24T4,Refactor the authentication module,4,3,5,2,3
US24,US24T5,Design the user interface,4,4,4,3,3
US24,US24T6,Fix the API endpoint,5,4,5,4,2
US24,US24T7,Remove the analytics module,4,3,4,3,3
US24,US24T8,Remove the error handler,5,4,5,3,4
US24,US24T9,Design the login system,4,4,4,3,3
US24,US24T10,Design the notification system,5,5,5,4,4
US24,US24T11,Design the user interface,4,5,4,3,4
US24,US24T12,Fix the dashboard view,5,5,5,3,3
US24,US24T13,Improve the database schema,5,4,5,3,4
US25,US25T1,Fix the notification system,4,5,5,4,4
US25,US25T2,Design the notification system,5,4,5,3,3
US25,US25T3,Fix the notification system,5,5,5,2,3
US25,US25T4,Remove the payment gateway,4,4,5,2,2
US25,US25T5,Remove the payment gateway,4,4,4,3,4
US25,US25T6,Update the payment gateway,5,4,4,2,3
US25,US25T7,Refactor the dashboard view,5,2,5,3,3
US25,US25T8,Add the user interface,5,3,4,3,4
US25,US25T9,Remove the analytics module,4,4,4,2,4
US25,US25T10,Create the dashboard view,5,4,5,3,2
US25,US25T11,Optimize the API endpoint,5,5,5,3,3
US25,US25T12,Create the login system,4,4,5,3,2
US25,US25T13,Design the user interface,5,4,5,3,3
US26,US26T1,Design the notification system,5,4,4,4,3
US26,US26T2,Remove the API endpoint,5,5,4,4,4
US26,US26T3,Update the API endpoint,5,5,5,3,4
US26,US26T4,Design the analytics module,5,5,5,2,3
US26,US26T5,Refactor the payment gateway,5,4,5,2,2
US26,US26T6,Add the dashboard view,4,5,5,3,5
US26,US26T7,Refactor the API endpoint,5,5,5,3,3
US26,US26T8,Implement the analytics module,4,5,5,3,2
US26,US26T9,Improve the dashboard view,5,5,5,2,3
US26,US26T10,Improve the error handler,5,5,5,3,4
US26,US26T11,Add the authentication module,5,5,4,3,2
US27,US27T1,Refactor the API endpoint,5,4,4,3,3
US27,US27T2,Add the authentication module,5,5,5,4,3
US27,US27T3,Update the user interface,5,4,5,5,3
US27,US27T4,Optimize the analytics module,4,5,5,4,3
US27,US27T5,Implement the error handler,5,4,5,3,3
US27,US27T6,Optimize the payment gateway,5,4,5,2,3
US27,US27T7,Update the notification system,5,3,5,4,4
US27,US27T8,Design the notification system,5,5,5,3,4
US27,US27T9,Implement the payment gateway,4,4,5,4,3
US27,US27T10,Fix the login system,5,4,5,4,4
US28,US28T1,Update the database schema,4,5,5,4,3
US28,US28T2,Refactor the payment gateway,5,4,5,3,4
US28,US28T3,Update the login system,5,4,5,4,3
US28,US28T4,Fix the login system,5,4,5,3,4
US28,US28T5,Remove the API endpoint,3,4,4,3,3
US28,US28T6,Create the API endpoint,4,4,5,3,3
US28,US28T7,Update the analytics module,5,3,5,4,3
US28,US28T8,Update the payment gateway,4,4,5,2,4
US28,US28T9,Design the error handler,5,4,5,3,4
US28,US28T10,Design the user interface,4,5,4,3,4
US28,US28T11,Design the notification system,5,4,5,3,3
US29,US29T1,Improve the login system,5,4,5,4,4
US29,US29T2,Update the notification system,5,5,4,3,5
US29,US29T3,Design the payment gateway,4,5,4,4,3
US29,US29T4,Add the login system,4,3,4,2,4
US29,US29T5,Implement the login system,4,4,4,3,2
US29,US29T6,Update the user interface,4,5,4,3,3
US29,US29T7,Improve the payment gateway,4,4,4,2,5
US29,US29T8,Design the analytics module,4,5,3,5,4
US29,US29T9,Improve the login system,5,5,5,3,4
US29,US29T10,Add the dashboard view,5,5,5,4,4
US29,US29T11,Remove the database schema,5,4,5,4,3
US29,US29T12,Remove the error handler,4,3,5,4,3
US29,US29T13,Remove the user interface,4,4,4,4,3
US29,US29T14,Implement the authentication module,5,4,5,4,3
US29,US29T15,Update the authentication module,5,3,4,3,3
US30,US30T1,Remove the error handler,5,4,5,4,3
US30,US30T2,Design the user interface,5,4,4,3,3
US30,US30T3,Optimize the database schema,5,5,5,4,3
US30,US30T4,Implement the error handler,5,5,5,4,4
US30,US30T5,Optimize the database schema,4,5,5,3,3
US30,US30T6,Update the login system,5,4,5,3,3
US30,US30T7,Implement the analytics module,5,3,5,3,3
US30,US30T8,Improve the user interface,5,5,5,3,3
US30,US30T9,Design the notification system,5,3,4,3,4
US30,US30T10,Design the user interface,4,4,5,4,5
US30,US30T11,Fix the error handler,5,4,4,3,2
US30,US30T12,Fix the analytics module,3,4,5,4,4
US30,US30T13,Optimize the user interface,5,5,5,3,3
